name,email,firm,focus_area,notes
First Round Capital,pitch@firstround.com,First Round Capital,Seed / High-Conviction,High-Conviction Seed Specialist - leads early and moves fast
Initialized Capital,info@initialized.com,Initialized Capital,Seed / High-Conviction,High-Conviction Seed Specialist
Uncork Capital,info@uncork.vc,Uncork Capital,Seed / High-Conviction,High-Conviction Seed Specialist
Precursor Ventures,info@precursorvc.com,Precursor Ventures,Seed / High-Conviction,High-Conviction Seed Specialist
Freestyle Capital,info@freestyle.vc,Freestyle Capital,Seed / High-Conviction,High-Conviction Seed Specialist
Slow Ventures,info@slow.co,Slow Ventures,Seed / High-Conviction,High-Conviction Seed Specialist
Unusual Ventures,info@unusual.vc,Unusual Ventures,Seed / High-Conviction,High-Conviction Seed Specialist
Pear VC,info@pear.vc,Pear VC,Seed / High-Conviction,High-Conviction Seed Specialist
Ulu Ventures,info@uluventures.com,Ulu Ventures,Seed / High-Conviction,High-Conviction Seed Specialist
Pillar VC,info@pillar.vc,Pillar VC,Seed / High-Conviction,High-Conviction Seed Specialist
Craft Ventures,info@craftventures.com,Craft Ventures,Operator-Led,Operator-Led & Founder-First Fund
True Ventures,info@trueventures.com,True Ventures,Operator-Led,Operator-Led & Founder-First Fund
Bling Capital,info@bling.capital,Bling Capital,Operator-Led,Operator-Led & Founder-First Fund
boldstart ventures,info@boldstart.vc,boldstart ventures,Operator-Led,Operator-Led & Founder-First Fund
defy.vc,info@defy.vc,defy.vc,Operator-Led,Operator-Led & Founder-First Fund
Root Ventures,info@root.vc,Root Ventures,Operator-Led,Operator-Led & Founder-First Fund
Tribe Capital,info@tribecap.co,Tribe Capital,Operator-Led,Operator-Led & Founder-First Fund
Zetta Venture Partners,info@zetta.vc,Zetta Venture Partners,AI / Deep Tech,Technical conviction - AI Data & Deep Tech
Amplify Partners,info@amplifypartners.com,Amplify Partners,AI / Deep Tech,AI Data & Deep Tech
Engineering Capital,info@engineeringcapital.com,Engineering Capital,AI / Deep Tech,AI Data & Deep Tech
Decibel Partners,info@decibel.vc,Decibel Partners,AI / Deep Tech,AI Data & Deep Tech
Wing Venture Capital,info@wing.vc,Wing Venture Capital,AI / Deep Tech,AI Data & Deep Tech
Lux Capital,info@luxcapital.com,Lux Capital,AI / Deep Tech,AI Data & Deep Tech
Costanoa Ventures,info@costanoavc.com,Costanoa Ventures,Enterprise / SaaS,Enterprise SaaS & Fintech
Crosslink Capital,info@crosslinkcapital.com,Crosslink Capital,Enterprise / SaaS,Enterprise SaaS & Fintech
Array Ventures,info@array.vc,Array Ventures,Enterprise / SaaS,Enterprise SaaS & Fintech
Bain Capital Ventures,info@bcv.vc,Bain Capital Ventures,Enterprise / SaaS,Enterprise SaaS & Fintech
Sierra Ventures,info@sierraventures.com,Sierra Ventures,Enterprise / SaaS,Enterprise SaaS & Fintech
Foundation Capital,info@foundationcap.com,Foundation Capital,Enterprise / SaaS,Enterprise SaaS & Fintech
Menlo Ventures,info@menlovc.com,Menlo Ventures,Enterprise / SaaS,Enterprise SaaS & Fintech
Battery Ventures,info@battery.com,Battery Ventures,Enterprise / SaaS,Enterprise SaaS & Fintech
B Capital Group,info@bcapgroup.com,B Capital Group,Enterprise / SaaS,Enterprise SaaS & Fintech
Sequoia Capital,info@sequoiacap.com,Sequoia Capital,Multi-Stage Seed,Big names that still write the first check
Bessemer Venture Partners,info@bvp.com,Bessemer Venture Partners,Multi-Stage Seed,Big names that still write the first check
Index Ventures,info@indexventures.com,Index Ventures,Multi-Stage Seed,Big names that still write the first check
8VC,info@8vc.com,8VC,Multi-Stage Seed,Big names that still write the first check
Khosla Ventures,info@khoslaventures.com,Khosla Ventures,Multi-Stage Seed,Big names that still write the first check
Founders Fund,info@foundersfund.com,Founders Fund,Multi-Stage Seed,Big names that still write the first check
Forerunner Ventures,info@forerunnerventures.com,Forerunner Ventures,Consumer / Brand,Consumer Brand & Culture
HUMAN CAPITAL,info@humancapital.co,HUMAN CAPITAL,Consumer / Brand,Consumer Brand & Culture
Obvious Ventures,info@obvious.com,Obvious Ventures,Consumer / Brand,Consumer Brand & Culture
Caffeinated Capital,info@caffeinatedcapital.com,Caffeinated Capital,Consumer / Brand,Consumer Brand & Culture
Cowboy Ventures,info@cowboy.vc,Cowboy Ventures,Generalist Early-Stage,Broad thesis - consistent early-stage leadership
Upfront Ventures,info@upfront.com,Upfront Ventures,Generalist Early-Stage,Broad thesis - consistent early-stage leadership
MaC Venture Capital,info@macventurecapital.com,MaC Venture Capital,Generalist Early-Stage,Broad thesis - consistent early-stage leadership
Human Ventures,info@human.com,Human Ventures,Investor,Scraped from LinkedIn post
Shine Capital,info@shine.com,Shine Capital,Investor,Scraped from LinkedIn post
SaaStr Fund,info@saastr.com,SaaStr Fund,Investor,Scraped from LinkedIn post
645 Ventures,info@645.com,645 Ventures,Investor,Scraped from LinkedIn post
Kapor Capital,info@kapor.com,Kapor Capital,Investor,Scraped from LinkedIn post
Felicis Ventures,info@felicis.com,Felicis Ventures,Investor,Scraped from LinkedIn post
Union Square Ventures,info@unionsquare.com,Union Square Ventures,Investor,Scraped from LinkedIn post
Awesome People Ventures,info@awesomepeople.com,Awesome People Ventures,Investor,Scraped from LinkedIn post
VITALIZE VC,info@vitalize.com,VITALIZE VC,Investor,Scraped from LinkedIn post
Reach Capital,info@reach.com,Reach Capital,Investor,Scraped from LinkedIn post
Rebel Fund,info@rebel.com,Rebel Fund,Investor,Scraped from LinkedIn post
Seed Venture…,info@seedventure.com,Seed Venture…,Investor,Scraped from LinkedIn post
seed fund. Founders,info@seedfounders.com,seed fund. Founders,Investor,Scraped from LinkedIn post
BECO Capital,info@becocapital.com,BECO Capital,MENA VC,UAE VC
Wamda Capital,info@wamda.com,Wamda Capital,MENA VC,UAE VC
Shorooq Partners,hello@shorooq.com,Shorooq Partners,MENA VC,UAE VC
Global Ventures,info@global.ventures,Global Ventures,MENA VC,UAE VC
VentureSouq,info@venturesouq.com,VentureSouq,MENA VC,UAE VC
DTEC Ventures,info@dtec.ae,DTEC Ventures,Dubai Tech,UAE VC
Mubadala Investment,info@mubadala.com,Mubadala Investment,Sovereign Fund,UAE SWF
Techstars Dubai,dubai@techstars.com,Techstars Dubai,Accelerator,UAE accelerator
Rise Capital,info@risecapital.co,Rise Capital,MENA VC,UAE VC
SHUAA Capital,info@shuaa.com,SHUAA Capital,Investment Bank,UAE
Al Habtoor Group,info@habtoor.com,Al Habtoor Group,Family Office,UAE FO
Al Ghurair Group,info@alghurair.com,Al Ghurair Group,Family Office,UAE FO
Alserkal Group,info@alserkal.online,Alserkal Group,Family Office,UAE FO
Gargash Group,info@gargash.ae,Gargash Group,Family Office,UAE FO
one fund just dropped 🔥 Sequoia Capital just closed a $7B AI,info@sequoiacap.com,one fund just dropped 🔥 Sequoia Capital just closed a $7B AI,Investor,Scraped from LinkedIn post
Seed founders,info@seedfounders.com,Seed founders,Investor,Scraped from LinkedIn post
venturecapital,info@venturecapital.com,venturecapital,Investor,Scraped from LinkedIn post
fundraising,info@fundraising.com,fundraising,Investor,Scraped from LinkedIn post
Titan Capital,info@titan.com,Titan Capital,Investor,Scraped from LinkedIn post
Ankur Capital,info@ankur.com,Ankur Capital,Investor,Scraped from LinkedIn post
Elevation Capital,info@elevation.com,Elevation Capital,Investor,Scraped from LinkedIn post
DVC,info@dvc.com,DVC,Investor,Scraped from LinkedIn post
All In Capital,info@allin.com,All In Capital,Investor,Scraped from LinkedIn post
3one4 Capital,info@3one4.com,3one4 Capital,Investor,Scraped from LinkedIn post
Chiratae Ventures,info@chiratae.com,Chiratae Ventures,Investor,Scraped from LinkedIn post
InfoEdge Ventures,info@infoedge.com,InfoEdge Ventures,Investor,Scraped from LinkedIn post
Ideaspring Capital,info@ideaspring.com,Ideaspring Capital,Investor,Scraped from LinkedIn post
Eximius Ventures,info@eximius.com,Eximius Ventures,Investor,Scraped from LinkedIn post
Norrsken VC,info@norrsken.com,Norrsken VC,Investor,Scraped from LinkedIn post
Woven Capital,info@woven.com,Woven Capital,Investor,Scraped from LinkedIn post
Janus Henderson Investors,info@janushendersoninvestors.com,Janus Henderson Investors,Investor,Scraped from LinkedIn post
Airbus Ventures,info@airbus.com,Airbus Ventures,Investor,Scraped from LinkedIn post
Dragoneer Investment Group,info@dragoneer.com,Dragoneer Investment Group,Investor,Scraped from LinkedIn post
Mubadala Capital,info@mubadala.com,Mubadala Capital,Investor,Scraped from LinkedIn post
CapitalG,info@capitalg.com,CapitalG,Investor,Scraped from LinkedIn post
Perry Creek Capital,info@perrycreek.com,Perry Creek Capital,Investor,Scraped from LinkedIn post
Cherry Ventures,info@cherry.com,Cherry Ventures,Investor,Scraped from LinkedIn post
Sequoia Capital (Lead),info@sequoiacap.com,Sequoia Capital (Lead),Investor,Scraped from LinkedIn post
Sound Ventures,info@sound.com,Sound Ventures,Investor,Scraped from LinkedIn post
Permanent Capital,info@permanent.com,Permanent Capital,Investor,Scraped from LinkedIn post
Founders Capital,info@founders.com,Founders Capital,Investor,Scraped from LinkedIn post
Afore Capital,info@afore.com,Afore Capital,Investor,Scraped from LinkedIn post
Alumni Ventures,info@alumni.com,Alumni Ventures,Investor,Scraped from LinkedIn post
Data Tech Fund,info@datatech.com,Data Tech Fund,Investor,Scraped from LinkedIn post
9Yards Capital,info@9yards.com,9Yards Capital,Investor,Scraped from LinkedIn post
Autotech Ventures,info@autotech.com,Autotech Ventures,Investor,Scraped from LinkedIn post
Leap Forward Ventures,info@leapforward.com,Leap Forward Ventures,Investor,Scraped from LinkedIn post
funding,info@funding.com,funding,Investor,Scraped from LinkedIn post
Al Naboodah Group,info@alnaboodah.com,Al Naboodah Group,UAE Strategic Investor,Direct list from boss
Al Tayer Group,info@altayer.com,Al Tayer Group,UAE Strategic Investor,Direct list from boss
Al Rostamani Group,info@alrostamani.com,Al Rostamani Group,UAE Strategic Investor,Direct list from boss
